frame,stamp,lidar_x,lidar_y,lidar_z,enu_x,enu_y,enu_z,error_m,rmse_m
1,1769515212.319799185,0.003588,-0.009081,0.001112,-0.000223,0.000011,0.000200,0.009900,0.009900
2,1769515212.419798613,-0.030254,-0.012656,-0.005841,-0.000223,0.000011,0.000200,0.033148,0.024462
3,1769515212.519798756,-0.060463,-0.015625,-0.013097,-0.000274,-0.000121,0.000400,0.063602,0.041801
4,1769515212.619798183,-0.003730,0.012765,0.000899,-0.000274,-0.000121,0.000400,0.013351,0.036811
5,1769515212.719798326,0.027497,-0.009331,0.000227,-0.000498,-0.000111,0.000600,0.029476,0.035466
6,1769515212.819797754,0.005071,-0.006880,-0.002358,-0.000406,-0.000070,0.000600,0.009226,0.032594
7,1769515212.919797421,-0.007164,-0.028157,0.048619,0.000081,-0.000183,0.000700,0.055958,0.036850
8,1769515213.019796848,-0.000817,-0.005232,0.000125,0.000304,-0.000194,0.000600,0.005184,0.034519
9,1769515213.119796753,-0.003080,-0.013060,-0.006619,0.017505,-0.000024,0.000700,0.025441,0.033631
10,1769515213.219798326,0.006851,-0.014810,-0.030638,0.029547,-0.000058,0.002200,0.042556,0.034627
11,1769515213.319797516,-0.017781,-0.002011,0.000023,0.022814,-0.000410,0.001500,0.040654,0.035218
12,1769515213.419824362,-0.024707,-0.016060,0.002488,0.012308,0.000849,0.001300,0.040712,0.035708
13,1769515213.519796371,-0.049763,-0.008771,-0.000101,0.002944,-0.000229,0.000900,0.053404,0.037368
14,1769515213.619796276,0.041155,-0.005801,0.007550,-0.004437,-0.000103,0.000500,0.046485,0.038092
15,1769515213.719824076,-0.082629,-0.009208,-0.003349,-0.002208,-0.002179,0.000500,0.080820,0.042305
16,1769515213.819795609,0.088839,-0.007645,0.000793,0.032225,-0.011557,-0.000300,0.056759,0.043350
17,1769515213.919795513,0.101010,-0.006517,-0.000140,0.049004,-0.013651,-0.000600,0.052495,0.043940
18,1769515214.019795179,0.120317,-0.007010,0.000869,0.075409,-0.015754,-0.000100,0.045761,0.044043
19,1769515214.119795084,0.153097,-0.007242,0.001262,0.210470,-0.036843,-0.000700,0.064590,0.045357
20,1769515214.219799519,0.202321,-0.006612,0.002069,0.285282,-0.041600,-0.000300,0.090068,0.048580
21,1769515214.419799089,0.340090,-0.006495,0.004490,0.578792,-0.060756,-0.001000,0.244853,0.071432
22,1769515214.519798517,0.435020,-0.006578,0.005780,0.761080,-0.069713,-0.001800,0.332203,0.099433
23,1769515214.619825363,0.546238,-0.009654,0.006389,0.932825,-0.075350,-0.002000,0.392219,0.127065
24,1769515214.719797850,0.684204,-0.011323,0.008506,1.126548,-0.088655,-0.002600,0.449190,0.154532
25,1769515214.819825649,0.840489,-0.008704,0.011123,1.336563,-0.114329,-0.002100,0.507367,0.182268
26,1769515214.919824600,1.024590,-0.006780,0.013453,1.516160,-0.123382,-0.002900,0.505474,0.204380
27,1769515215.019824028,1.207462,-0.006692,0.014456,1.708525,-0.166262,-0.003100,0.526151,0.224671
28,1769515215.119823933,1.392742,-0.008186,0.015771,1.868581,-0.178597,-0.004500,0.505839,0.240443
29,1769515215.219821930,1.578904,-0.009264,0.015894,2.052632,-0.194757,-0.004700,0.509165,0.254477
30,1769515215.319822311,1.757842,-0.016480,0.017124,2.174255,-0.233924,-0.002000,0.470157,0.264515
31,1769515215.419821262,1.911642,-0.010785,0.018418,2.321569,-0.250580,-0.002400,0.475368,0.273863
32,1769515215.519848347,2.065757,-0.010579,0.018140,2.468638,-0.294132,0.006500,0.492800,0.283278
33,1769515215.619820356,2.202035,-0.008532,0.022803,2.597163,-0.329373,0.000700,0.509464,0.292711
34,1769515215.719820261,2.340321,-0.007856,0.026236,2.714558,-0.350073,0.000200,0.507782,0.301236
35,1769515215.819820642,2.476534,-0.007729,0.027086,2.852196,-0.377239,-0.008500,0.528135,0.310032
36,1769515215.919820070,2.603909,-0.010113,0.027785,2.960005,-0.398021,-0.009300,0.527875,0.318104
37,1769515216.019792080,2.734246,-0.009067,0.026481,3.054468,-0.405679,-0.004600,0.510696,0.324814
38,1769515216.119764328,2.853853,-0.010518,0.027458,3.187163,-0.432298,-0.005500,0.538591,0.332207
39,1769515216.219765663,2.972406,-0.010596,0.029010,3.280248,-0.433130,-0.000200,0.523598,0.338469
40,1769515216.319737673,3.089955,-0.009280,0.028912,3.380830,-0.453391,0.000300,0.531658,0.344621
41,1769515216.419737816,3.202611,-0.009481,0.030111,3.480701,-0.452754,-0.000700,0.524189,0.350099
42,1769515216.519737005,3.307132,-0.009641,0.031560,3.554272,-0.468555,0.000300,0.522166,0.355166
43,1769515216.619736910,3.405305,-0.010289,0.030751,3.627606,-0.486538,0.002400,0.526340,0.360072
44,1769515216.719736338,3.497995,-0.012719,0.031741,3.701697,-0.491395,-0.001700,0.521289,0.364529
45,1769515216.819736004,3.572927,-0.012271,0.035205,3.763660,-0.508391,-0.001300,0.532773,0.369101
46,1769515216.919736624,3.646374,-0.009827,0.033848,3.821453,-0.503834,0.002900,0.525027,0.373184
47,1769515217.019735575,3.711689,-0.010901,0.035385,3.879521,-0.518944,0.004100,0.535961,0.377380
48,1769515217.119735479,3.773057,-0.008669,0.036077,3.941037,-0.516131,0.006300,0.535370,0.381339
49,1769515217.219763279,3.837384,-0.009871,0.036420,3.999675,-0.530552,0.008100,0.546122,0.385407
50,1769515217.319735527,3.895376,-0.009846,0.037022,4.056910,-0.525476,0.001000,0.541539,0.389144
51,1769515217.419735909,3.951720,-0.011602,0.037135,4.090981,-0.533046,0.002100,0.540856,0.396587
52,1769515217.519735098,4.002395,-0.012221,0.038449,4.143693,-0.535545,0.000200,0.543412,0.403938
53,1769515217.619762421,4.061201,-0.009903,0.040504,4.190733,-0.546238,0.000900,0.553174,0.411345
54,1769515217.719761610,4.112067,-0.013534,0.043649,4.238163,-0.549651,-0.014500,0.553808,0.418730
55,1769515217.819761992,4.161935,-0.008969,0.051100,4.270202,-0.557572,-0.014400,0.563008,0.426213
56,1769515217.919761658,4.193783,-0.012300,0.040556,4.312246,-0.558447,-0.021500,0.562281,0.433565
57,1769515218.019761324,4.230890,-0.009971,0.042090,4.340409,-0.565021,-0.022200,0.569393,0.440909
58,1769515218.319761753,4.342641,-0.011358,0.042638,4.510590,-0.565882,-0.022700,0.583072,0.457746
59,1769515218.419761658,4.391468,-0.009707,0.043418,4.585004,-0.571470,-0.023000,0.597868,0.465772
60,1769515218.519762039,4.451419,-0.011920,0.044950,4.687760,-0.575134,-0.021500,0.614396,0.474103
61,1769515218.619760990,4.527473,-0.012753,0.045853,4.794007,-0.579769,-0.020300,0.630020,0.482683
62,1769515218.719760656,4.620020,-0.011596,0.045988,4.967746,-0.588679,-0.015400,0.676541,0.492416
63,1769515218.819760084,4.729205,-0.011536,0.047228,5.113385,-0.595362,-0.014600,0.701619,0.502587
64,1769515218.919759989,4.857172,-0.013092,0.048596,5.303193,-0.616630,-0.011100,0.752832,0.514134
65,1769515219.019760370,5.010459,-0.012484,0.050975,5.534824,-0.648163,-0.011200,0.826385,0.527734
66,1769515219.119759560,5.187773,-0.015410,0.053352,5.786063,-0.662718,-0.009400,0.883684,0.542889
67,1769515219.219762325,5.367057,-0.019243,0.050741,6.010239,-0.700391,-0.013200,0.939007,0.559474
68,1769515219.319761992,5.589126,-0.013575,0.060069,6.300216,-0.719469,-0.015100,1.004781,0.577819
69,1769515219.419762135,5.828061,-0.015150,0.056516,6.612677,-0.772341,-0.012600,1.092583,0.592810
70,1769515219.519762039,6.070282,-0.016207,0.061090,6.882280,-0.794304,-0.011100,1.126936,0.613285
71,1769515219.619761705,6.321496,-0.020922,0.066087,7.155464,-0.843657,-0.008100,1.173839,0.634024
72,1769515219.719761133,6.564489,-0.023391,0.075750,7.469907,-0.869850,-0.008400,1.242319,0.656006
73,1769515219.819760561,6.922125,-0.024099,0.068702,7.874147,-0.942611,-0.001700,1.324751,0.679736
74,1769515219.919760704,7.267641,-0.028015,0.054873,8.218604,-0.978823,0.000500,1.345854,0.702676
75,1769515220.019787788,7.614028,-0.037782,0.045435,8.404242,-0.998326,0.000500,1.244630,0.721217
76,1769515220.119760752,7.867445,-0.023438,0.068318,8.805867,-1.043159,0.002300,1.387381,0.744168
77,1769515220.219758749,8.158120,-0.015383,0.066720,9.294450,-1.100936,0.005400,1.572715,0.773978
78,1769515220.319785833,8.454350,-0.015339,0.062112,9.475435,-1.122278,0.006100,1.507006,0.800063
79,1769515220.419785500,8.790891,-0.028698,0.070485,9.715795,-1.150062,0.006900,1.454974,0.823888
80,1769515220.519785166,9.087078,-0.037137,0.087694,10.013913,-1.185331,0.006700,1.477813,0.847791
81,1769515220.619758368,9.383870,-0.044517,0.098791,10.228670,-1.226183,0.009800,1.455315,0.870067
82,1769515220.719784737,9.692437,-0.033063,0.075353,10.573733,-1.269453,0.012600,1.519632,0.893783
83,1769515220.819784641,9.988008,-0.029102,0.077022,10.797657,-1.290727,0.006900,1.500714,0.916269
84,1769515220.919783592,10.282413,-0.029701,0.076900,11.184240,-1.337399,0.013300,1.589783,0.940976
85,1769515221.019783735,10.560760,-0.022161,0.078743,11.358462,-1.369165,0.017000,1.566704,0.964283
86,1769515221.119783878,10.838938,-0.011912,0.080452,11.621285,-1.395328,0.024700,1.590288,0.995201
87,1769515221.219784498,11.130576,0.000773,0.082906,11.898692,-1.414169,0.035200,1.610694,1.019197
88,1769515221.319811821,11.389526,0.007445,0.083168,12.146859,-1.436861,0.041300,1.631357,1.043225
89,1769515221.419811249,11.660897,0.032171,0.088340,12.403484,-1.444553,0.064100,1.653098,1.067485
90,1769515221.519811630,11.942833,0.079330,0.092853,12.645608,-1.468167,0.068900,1.699768,1.092720
91,1769515221.619783640,12.172627,0.050619,0.082719,12.938134,-1.502409,0.077600,1.731451,1.118357
92,1769515221.719783306,12.419854,0.070632,0.089310,13.172249,-1.524972,0.079900,1.764125,1.144507
93,1769515221.819810867,12.658829,0.088137,0.089007,13.380446,-1.545545,0.082500,1.785971,1.170656
94,1769515221.919810295,12.897417,0.108029,0.080733,13.578315,-1.567733,0.087200,1.808823,1.197020
95,1769515222.019782066,13.138383,0.113476,0.091269,13.864312,-1.643348,0.046600,1.901420,1.225639
96,1769515222.119809866,13.375916,0.131909,0.094070,14.032160,-1.679245,0.000900,1.928630,1.254477
97,1769515222.219841003,13.609368,0.153837,0.088202,14.254636,-1.708374,0.003000,1.972679,1.283967
98,1769515222.319812536,13.841377,0.174595,0.080331,14.475719,-1.723469,0.002700,2.002764,1.313783
99,1769515222.419812441,14.070844,0.184348,0.094790,14.760804,-1.725795,0.006600,2.032847,1.343884
100,1769515222.519839048,14.294504,0.205934,0.092997,14.997609,-1.753948,0.009000,2.083879,1.374897
101,1769515222.619811296,14.514168,0.206592,0.093142,15.132733,-1.748222,0.007900,2.052118,1.404172
102,1769515222.719784737,14.733788,0.226215,0.092206,15.352626,-1.769529,0.008600,2.091159,1.434020
103,1769515222.819811106,14.946342,0.252480,0.089701,15.616503,-1.764939,0.010700,2.127284,1.464270
104,1769515222.919810534,15.167206,0.257223,0.095151,15.785852,-1.775790,0.013900,2.126608,1.493894
105,1769515223.019810200,15.396217,0.276672,0.096062,16.041167,-1.767660,0.024200,2.144858,1.523419
106,1769515223.119837523,15.634495,0.295411,0.097137,16.277390,-1.776936,0.025900,2.170947,1.539359
107,1769515223.219840527,15.871622,0.317613,0.093145,16.553858,-1.788210,0.028500,2.214524,1.555737
108,1769515223.319813013,16.133619,0.332815,0.099336,16.886061,-1.797695,0.025200,2.260694,1.586106
109,1769515223.419812918,16.407402,0.350589,0.100584,17.201178,-1.805877,0.019100,2.299362,1.616887
110,1769515223.519811869,16.675961,0.361245,0.100717,17.517402,-1.814335,0.019900,2.334032,1.647947
111,1769515223.619784117,16.987589,0.390705,0.100652,17.809711,-1.829539,0.025300,2.368765,1.679289
112,1769515223.719838619,17.292599,0.422357,0.096620,18.164486,-1.838886,0.025700,2.424548,1.711264
113,1769515223.819866657,17.596752,0.458928,0.100292,18.492180,-1.859439,0.025200,2.486414,1.744198
114,1769515223.919838190,17.919687,0.492771,0.097898,18.847489,-1.870736,0.025400,2.540125,1.777621
115,1769515224.019837856,18.262896,0.481572,0.109815,19.204308,-1.899296,0.024700,2.561647,1.810392
116,1769515224.119810104,18.606319,0.467517,0.123285,19.461120,-1.909638,0.022700,2.528175,1.841123
117,1769515224.219834328,18.897947,0.530155,0.106343,19.904274,-1.937861,0.026500,2.666490,1.874647
118,1769515224.319834948,19.216661,0.565288,0.104879,20.156645,-1.950276,0.028100,2.686545,1.907475
119,1769515224.419834137,19.531294,0.596559,0.103629,20.373840,-1.969932,0.025900,2.702369,1.939237
120,1769515224.519833803,19.855343,0.623307,0.105034,20.746396,-1.988583,0.024600,2.760872,1.971723
121,1769515224.619832993,20.169197,0.647561,0.107216,21.055365,-2.004622,0.027200,2.797458,2.004158
122,1769515224.719833136,20.481146,0.673029,0.100852,21.299663,-2.017326,0.029900,2.813008,2.035692
123,1769515224.819833517,20.792957,0.702377,0.101480,21.630626,-2.033154,0.026800,2.861887,2.067063
124,1769515224.919832230,21.095219,0.732470,0.103357,21.990308,-2.051374,0.029100,2.925147,2.099441
125,1769515225.019832373,21.401827,0.753510,0.102588,22.256218,-2.066222,0.028500,2.947263,2.133166
126,1769515225.119831562,21.694017,0.784330,0.109059,22.611410,-2.085661,0.028800,3.014117,2.166472
127,1769515225.219833374,21.991941,0.808881,0.112365,22.818031,-2.086594,0.031900,3.012088,2.196721
128,1769515225.319832802,22.284082,0.827447,0.112203,23.140017,-2.102892,0.033300,3.053807,2.228604
129,1769515225.419832945,22.584723,0.861204,0.104713,23.488674,-2.110023,0.041700,3.106331,2.262150
130,1769515225.519860029,22.875513,0.890380,0.107125,23.692912,-2.119663,0.042700,3.119720,2.295278
131,1769515225.619859219,23.152397,0.924136,0.109041,24.017135,-2.119009,0.050400,3.164166,2.329416
132,1769515225.719858885,23.441345,0.954816,0.106701,24.381070,-2.132506,0.054000,3.227603,2.363967
133,1769515225.819831371,23.742714,0.968800,0.109361,24.664984,-2.131194,0.057400,3.234694,2.398450
134,1769515225.919831753,24.040649,1.002881,0.105343,24.988383,-2.141291,0.059800,3.284218,2.432640
135,1769515226.019775629,24.340986,1.034323,0.101295,25.292074,-2.151573,0.063800,3.325043,2.453260
136,1769515226.119802713,24.643202,1.063180,0.103172,25.638480,-2.157075,0.066300,3.370754,2.503283
137,1769515226.219775677,24.950319,1.084396,0.104764,26.034278,-2.169933,0.068400,3.430299,2.524733
138,1769515226.319720507,25.253344,1.105420,0.106905,26.397725,-2.178616,0.070800,3.477903,2.561363
139,1769515226.419721127,25.615131,1.131913,0.098750,26.877049,-2.184287,0.072300,3.548284,2.599090
140,1769515226.519719839,25.970549,1.161736,0.087898,27.170528,-2.188041,0.074200,3.558250,2.636274
141,1769515226.619747400,26.366488,1.240534,0.103200,27.687154,-2.200182,0.070000,3.685619,2.675750
142,1769515226.719774485,26.738489,1.268111,0.105944,28.230905,-2.230398,0.063700,3.803769,2.717454
143,1769515226.819746971,27.091166,1.306229,0.100029,28.590772,-2.237165,0.060200,3.847863,2.759320
144,1769515226.919774294,27.468578,1.352223,0.095443,29.054535,-2.256605,0.051600,3.942184,2.802860
145,1769515227.019773960,27.840401,1.401210,0.097278,29.338513,-2.264340,0.050700,3.960147,2.845941
146,1769515227.219747305,28.541462,1.471438,0.090899,30.039946,-2.289900,0.051900,4.049030,2.905608
147,1769515227.419774055,29.237127,1.560241,0.086133,30.418344,-2.301486,0.047500,4.038527,2.964191
148,1769515227.519747257,29.593201,1.583260,0.079953,30.970214,-2.297390,0.056300,4.117787,3.008012
149,1769515227.619773626,29.931002,1.632781,0.079149,31.315084,-2.304117,0.056600,4.173171,3.052037
150,1769515227.719745874,30.282562,1.671285,0.078551,31.661423,-2.307243,0.063300,4.210722,3.096906
151,1769515227.819772959,30.631865,1.700414,0.076126,31.903208,-2.312530,0.066600,4.209528,3.140576
152,1769515227.919744968,30.975286,1.725760,0.074562,32.141593,-2.316804,0.065200,4.207456,3.183103
153,1769515228.019773245,31.307413,1.788123,0.073848,32.349683,-2.319822,0.066100,4.238112,3.225897
154,1769515228.119772196,31.644222,1.855267,0.066594,32.725854,-2.327362,0.067400,4.320222,3.270081
155,1769515228.219772577,31.985327,1.930799,0.059987,33.033603,-2.334210,0.061200,4.391945,3.315253
156,1769515228.319772243,32.329994,1.908141,0.066302,33.375623,-2.339683,0.062200,4.374627,3.358776
157,1769515228.419771910,32.662102,1.947146,0.063030,33.857803,-2.349340,0.056900,4.459768,3.403379
158,1769515228.519772053,32.989952,1.971557,0.066050,34.165415,-2.353405,0.054700,4.481867,3.447467
159,1769515228.619771719,33.342525,2.037635,0.060925,34.404123,-2.348024,0.053200,4.512323,3.491330
160,1769515228.719771385,33.691452,2.091871,0.050489,34.885212,-2.355212,0.051600,4.604520,3.536603
161,1769515228.819770813,34.033283,2.131224,0.052213,35.196351,-2.351923,0.046600,4.631562,3.581253
162,1769515228.919771194,34.376560,2.170689,0.046777,35.574968,-2.355102,0.048300,4.681770,3.625814
163,1769515229.019770622,34.710667,2.210617,0.045376,35.850979,-2.345804,0.051600,4.696948,3.669480
164,1769515229.119770527,35.036507,2.252094,0.042922,36.161713,-2.347287,0.049400,4.735022,3.713317
165,1769515229.219771385,35.383728,2.295512,0.042076,36.542628,-2.343545,0.051900,4.781632,3.758310
166,1769515229.319770813,35.735661,2.337196,0.041236,36.852631,-2.339665,0.052700,4.808408,3.801531
167,1769515229.419797897,36.065693,2.400940,0.028995,37.269930,-2.344768,0.056100,4.896189,3.846243
168,1769515229.519798040,36.406639,2.418319,0.027314,37.684000,-2.354687,0.055900,4.941058,3.891374
169,1769515229.619798183,36.743538,2.473829,0.032191,38.029227,-2.360492,0.055600,5.002419,3.936741
170,1769515229.719770193,37.073421,2.505840,0.026776,38.374178,-2.377789,0.056900,5.053980,3.982399
171,1769515229.819769621,37.432625,2.558811,0.033659,38.818843,-2.407202,0.056400,5.155910,4.029954
172,1769515229.919769049,37.782433,2.568869,0.023391,39.225100,-2.429869,0.064500,5.202919,4.077479
173,1769515230.019768715,38.125275,2.591409,0.017485,39.532666,-2.447185,0.064900,5.231675,4.124293
174,1769515230.119769335,38.463570,2.611080,0.012753,39.802861,-2.462325,0.064100,5.247455,4.170668
175,1769515230.219796896,38.800331,2.626714,0.007995,40.108783,-2.484085,0.065800,5.275951,4.216295
176,1769515230.419823885,39.481602,2.717262,0.006056,40.725659,-2.509307,0.069700,5.372965,4.285514
177,1769515230.519769192,39.819122,2.729483,0.002208,41.300150,-2.541787,0.072300,5.475824,4.334661
178,1769515230.619796038,40.158287,2.734851,-0.002902,41.572947,-2.555887,0.072600,5.477123,4.383092
179,1769515230.719740868,40.492485,2.769872,-0.004467,41.981887,-2.582397,0.067200,5.556100,4.432386
180,1769515230.819768667,40.834690,2.805467,-0.010622,42.291276,-2.601859,0.070400,5.600659,4.481351
181,1769515231.119822025,41.845375,2.898418,-0.019036,43.553951,-2.659853,0.083200,5.815845,4.604628
182,1769515231.319795132,42.540382,2.953938,-0.030938,44.002789,-2.684360,0.082800,5.825974,4.681191
183,1769515231.519821882,43.227566,3.008988,-0.038837,44.420888,-2.705619,0.085700,5.839199,4.756980
184,1769515231.619821310,43.567066,3.027873,-0.046193,44.910920,-2.729079,0.085300,5.913183,4.808962
185,1769515231.719794512,43.914482,3.064856,-0.050120,45.295332,-2.748830,0.087300,5.977004,4.860086
186,1769515231.919820786,44.616203,3.122753,-0.061294,45.970393,-2.782005,0.081000,6.059723,4.933009
187,1769515232.019820213,45.322453,3.181089,-0.072785,46.285669,-2.797223,0.077200,6.057268,4.983449
188,1769515232.119820118,45.317665,3.190907,-0.075782,46.884472,-2.832513,0.079700,6.225805,5.015837
189,1769515232.319821119,46.015369,3.254775,-0.086266,47.702478,-2.868750,0.078400,6.353818,5.071115
190,1769515232.419820786,46.369179,3.283375,-0.094043,48.271646,-2.897351,0.067900,6.468924,5.129337
191,1769515232.619820118,47.065399,3.330825,-0.108198,48.732286,-2.919373,0.066800,6.471022,5.207222
192,1769515232.719820023,47.423180,3.362869,-0.118312,49.238786,-2.938287,0.055200,6.559810,5.264748
193,1769515233.019819021,48.480282,3.460056,-0.139776,50.100587,-2.972437,0.044400,6.635984,5.373057
194,1769515233.319819927,49.533939,3.554145,-0.166198,50.999335,-3.012995,0.047600,6.732045,5.484474
195,1769515233.419819117,49.898491,3.585418,-0.174121,51.779404,-3.060865,0.046500,6.910831,5.550935
196,1769515233.519845963,50.257061,3.615912,-0.179039,52.206700,-3.088335,0.045500,6.985588,5.618580
197,1769515233.719817877,50.743916,3.655255,-0.211345,52.594540,-3.120785,0.041400,7.028756,5.712578
198,1769515233.819818497,51.321266,3.694425,-0.206734,53.124427,-3.153522,0.035000,7.085493,5.780195
199,1769515233.919844866,51.666458,3.722013,-0.215633,53.618303,-3.189388,0.028200,7.185862,5.849259
200,1769515234.119844437,52.383816,3.768510,-0.233423,54.182856,-3.231291,0.018500,7.231682,5.948219
201,1769515234.219845295,52.727112,3.794984,-0.239892,54.641525,-3.264682,0.006900,7.318795,6.019478
202,1769515234.319845438,53.077568,3.821186,-0.249517,54.924046,-3.285197,0.000700,7.346616,6.090247
203,1769515234.419845104,53.435886,3.844347,-0.264557,55.244118,-3.308792,-0.000500,7.382873,6.159487
204,1769515234.519844770,53.786907,3.872822,-0.266362,55.564152,-3.331310,-0.004900,7.424721,6.228355
205,1769515234.619844437,54.129498,3.885776,-0.271762,55.960063,-3.364455,-0.006900,7.482444,6.297022
206,1769515234.719844103,54.482948,3.912544,-0.285436,56.356972,-3.390709,-0.016100,7.544668,6.365857
207,1769515234.819843531,54.826038,3.932158,-0.292539,56.725893,-3.424634,-0.022300,7.602951,6.433614
208,1769515234.919844151,55.169739,3.958763,-0.298793,57.054246,-3.451128,-0.026000,7.650638,6.501180
209,1769515235.019870520,55.515411,3.979264,-0.309813,57.345423,-3.474158,-0.031400,7.679841,6.568362
210,1769515235.119842768,55.897961,4.000968,-0.318258,57.709359,-3.502743,-0.037200,7.724366,6.635954
211,1769515235.219871283,56.264973,4.033213,-0.324217,58.073191,-3.532576,-0.043300,7.783941,6.704157
212,1769515235.319843531,56.634621,4.044946,-0.333435,58.435936,-3.562672,-0.042300,7.823385,6.736851
213,1769515235.419844389,56.996658,4.057866,-0.348206,58.761982,-3.589639,-0.049300,7.854301,6.802369
214,1769515235.519843102,57.351307,4.080095,-0.355745,59.118920,-3.619459,-0.044700,7.905968,6.866669
215,1769515235.619870424,57.715736,4.111409,-0.367347,59.478560,-3.648959,-0.051000,7.964354,6.932150
216,1769515235.719842196,58.081348,4.133865,-0.378287,59.805825,-3.675715,-0.050500,8.004425,6.996572
217,1769515235.819869518,58.448723,4.147544,-0.387811,60.163396,-3.709192,-0.058400,8.048411,7.060806
218,1769515235.919814587,58.811134,4.155492,-0.396942,60.483927,-3.737285,-0.055000,8.075338,7.089364
219,1769515236.019814491,59.165245,4.191895,-0.407897,60.877140,-3.773481,-0.058900,8.154729,7.118673
220,1769515236.119759321,59.516766,4.201800,-0.417699,61.272670,-3.804281,-0.058400,8.204244,7.147822
221,1769515236.219759941,59.885147,4.216743,-0.427685,61.628870,-3.837379,-0.065900,8.248656,7.207411
222,1769515236.519759655,60.253761,4.228542,-0.434449,62.266855,-3.898971,-0.059900,8.381486,7.270107
223,1769515236.619758606,61.315205,4.292967,-0.470198,63.113687,-3.981615,-0.059300,8.477741,7.334770
224,1769515236.819758177,62.023285,4.319114,-0.492744,63.631522,-4.034332,-0.058000,8.517951,7.431429
225,1769515237.119757414,63.087013,4.371648,-0.526094,64.557586,-4.124808,-0.067000,8.634994,7.530589
226,1769515237.319757223,63.780991,4.405070,-0.545473,65.205919,-4.191010,-0.073700,8.726144,7.595630
227,1769515237.419757366,64.120903,4.412455,-0.551754,65.712655,-4.244588,-0.072200,8.815217,7.660036
228,1769515237.619783878,64.668915,4.429884,-0.572930,66.216085,-4.301815,-0.077300,8.881552,7.723390
229,1769515237.719784021,65.137222,4.459815,-0.584258,66.524883,-4.332800,-0.077600,8.915850,7.787214
230,1769515237.819756031,65.477676,4.471690,-0.592934,66.934441,-4.375547,-0.082400,8.980891,7.850531
231,1769515238.019755840,66.149605,4.494096,-0.611277,67.626198,-4.453165,-0.084700,9.083562,7.884557
232,1769515238.119755745,66.494041,4.505215,-0.625529,68.147654,-4.503188,-0.081400,9.175066,7.949567
233,1769515238.219783783,66.846535,4.522873,-0.634891,68.530756,-4.543964,-0.079700,9.238635,7.984330
234,1769515238.319783449,67.193062,4.537861,-0.644833,68.843950,-4.580440,-0.086600,9.283344,8.018518
235,1769515238.519782543,67.770439,4.553916,-0.662166,69.466620,-4.648694,-0.094000,9.374853,8.110132
236,1769515238.619783163,68.230492,4.576104,-0.676060,69.873114,-4.695639,-0.092500,9.434191,8.171865
237,1769515238.719781876,68.579796,4.581863,-0.686419,70.278636,-4.741373,-0.093800,9.495261,8.206682
238,1769515238.819809198,68.924614,4.596784,-0.697298,70.611398,-4.781553,-0.094300,9.547881,8.268503
239,1769515239.119781733,69.277557,4.607790,-0.707089,71.237719,-4.857815,-0.092500,9.685950,8.359232
240,1769515239.219781876,70.276764,4.636075,-0.742439,71.885320,-4.939429,-0.097200,9.731088,8.422392
241,1769515239.319781303,70.615990,4.641760,-0.753457,72.492894,-5.017309,-0.100900,9.861349,8.486973
242,1769515239.419808865,70.948189,4.649796,-0.763387,72.841495,-5.063388,-0.101500,9.918097,8.552112
243,1769515239.519808531,71.286041,4.657534,-0.780952,73.203874,-5.083258,-0.116700,9.949993,8.616902
244,1769515239.719808340,71.912964,4.679833,-0.797007,73.912179,-5.177287,-0.115400,10.080887,8.712724
245,1769515239.819780827,72.351768,4.695982,-0.808149,74.524295,-5.258517,-0.119500,10.212059,8.782142
246,1769515239.919780016,72.696991,4.697152,-0.816842,74.961865,-5.281773,-0.142400,10.254924,8.851008
247,1769515240.019807577,72.898445,4.710252,-0.827293,75.351282,-5.338563,-0.146800,10.366204,8.921595
248,1769515240.119779587,73.201225,4.709384,-0.838043,75.708349,-5.385492,-0.153100,10.424075,8.992705
249,1769515240.319807529,73.846428,4.727917,-0.860081,76.254893,-5.430437,-0.176400,10.462326,9.094657
250,1769515240.419834852,74.143059,4.736776,-0.873274,76.745237,-5.491700,-0.187700,10.576534,9.167654
251,1769515240.519806862,74.441597,4.746247,-0.882895,77.028006,-5.530583,-0.189700,10.619947,9.240695
252,1769515240.619806767,74.764595,4.749572,-0.895913,77.314159,-5.584044,-0.218600,10.665020,9.313367
253,1769515240.719779730,75.051765,4.752370,-0.904007,77.641859,-5.637505,-0.205300,10.730623,9.386146
254,1769515241.119832754,76.240784,4.772681,-0.953780,78.512412,-5.759956,-0.189500,10.801892,9.604844
255,1769515241.219806910,76.518410,4.781004,-0.960538,79.117276,-5.847782,-0.195200,10.968634,9.684544
256,1769515241.319805384,76.797554,4.786284,-0.967307,79.383798,-5.866733,-0.191000,10.989908,9.724273
257,1769515241.519804955,77.381783,4.794776,-0.996295,79.785104,-5.913565,-0.196000,11.003863,9.798670
258,1769515241.619805098,77.663376,4.795016,-1.006536,80.182065,-5.965162,-0.196900,11.080647,9.872612
259,1769515241.719805002,77.947098,4.799471,-1.028239,80.444621,-6.002594,-0.196600,11.118177,9.909325
260,1769515241.819804907,78.226082,4.802960,-1.042144,80.702723,-6.038607,-0.199300,11.152745,9.981703
261,1769515242.019831657,78.767403,4.815099,-1.053247,81.100751,-6.095089,-0.201400,11.189386,10.016258
262,1769515242.119858742,79.034096,4.816872,-1.063644,81.657261,-6.179144,-0.208900,11.336840,10.088797
263,1769515242.219831705,79.299301,4.818633,-1.080036,81.929587,-6.215429,-0.210100,11.376542,10.124783
264,1769515242.319832325,79.575645,4.823888,-1.088299,82.177269,-6.247410,-0.207500,11.406923,10.194683
265,1769515242.419831276,79.851791,4.820395,-1.100034,82.452889,-6.286940,-0.208700,11.442599,10.263149
266,1769515242.619858027,80.367508,4.829851,-1.120916,82.779246,-6.331920,-0.211600,11.455499,10.330042
267,1769515242.719830036,80.624374,4.832357,-1.134107,83.102540,-6.380112,-0.213000,11.519948,10.397606
268,1769515242.919829845,81.141685,4.836063,-1.157060,83.445884,-6.424689,-0.212200,11.532850,10.463644
269,1769515243.019829273,81.392303,4.831585,-1.166552,83.591956,-6.442988,-0.212400,11.526702,10.526773
270,1769515243.119856119,81.646538,4.839365,-1.179131,84.085355,-6.504977,-0.217400,11.643318,10.590806
271,1769515243.219857454,81.893631,4.845050,-1.187487,84.358898,-6.542036,-0.220900,11.690917,10.654381
272,1769515243.319830179,82.149879,4.843237,-1.199544,84.727254,-6.589768,-0.224400,11.760416,10.718563
273,1769515243.419829845,82.405373,4.850353,-1.209781,84.990832,-6.618877,-0.224800,11.798222,10.747602
274,1769515243.519829512,82.665329,4.857513,-1.222847,85.208535,-6.643886,-0.228900,11.821083,10.809275
275,1769515243.619856119,82.919388,4.858984,-1.235766,85.562863,-6.684372,-0.233700,11.884492,10.871056
276,1769515243.719856501,83.161209,4.866151,-1.246841,85.843116,-6.716823,-0.235500,11.932340,10.932467
277,1769515243.819856167,83.407318,4.867946,-1.253055,86.097803,-6.744615,-0.236100,11.963464,10.993235
278,1769515243.919856071,83.655197,4.881163,-1.269854,86.418178,-6.779775,-0.240100,12.027965,11.020287
279,1769515244.119855404,84.154526,4.904933,-1.289769,86.735375,-6.814919,-0.243400,12.046186,11.078315
280,1769515244.419856071,84.875771,4.931635,-1.326444,86.913793,-6.834662,-0.247400,11.990146,11.195179
281,1769515244.519882679,85.114410,4.945528,-1.336839,87.478224,-6.881976,-0.250900,12.110192,11.251048
282,1769515245.219854355,85.370117,4.933033,-1.353344,87.698149,-6.902613,-0.252000,12.112605,11.414378
283,1769515245.319881678,86.976936,5.047471,-1.429068,88.458396,-7.008776,-0.254600,12.203572,11.465113
284,1769515245.519853830,87.418831,5.064730,-1.453403,89.118871,-7.070047,-0.271200,12.310180,11.541958
285,1769515245.819852829,88.088837,5.107700,-1.483497,89.543545,-7.099004,-0.275500,12.352290,11.618741
286,1769515245.919852495,88.306610,5.123626,-1.494895,89.918751,-7.107081,-0.273600,12.396804,11.643082
287,1769515246.319824696,89.180229,5.219928,-1.536348,90.495338,-7.111410,-0.283600,12.464380,11.737885
288,1769515246.519770384,89.610779,5.269614,-1.555177,90.690474,-7.108127,-0.285600,12.489437,11.762098
289,1769515246.719768763,90.043610,5.324093,-1.573411,91.225840,-7.044194,-0.299800,12.489767,11.831111
290,1769515246.919768333,90.495262,5.442725,-1.599332,91.563017,-7.002606,-0.333900,12.554987,11.900785
291,1769515247.019795895,90.706108,5.501896,-1.608152,91.951797,-6.934050,-0.335700,12.562788,11.922714
292,1769515247.219769001,90.908279,5.568837,-1.613243,92.238705,-6.886587,-0.346500,12.590165,11.988147
293,1769515247.319768667,91.351852,5.706964,-1.653202,92.663591,-6.786433,-0.362800,12.628174,12.029845
294,1769515247.419768095,91.565674,5.775367,-1.661092,93.076812,-6.685861,-0.364700,12.619286,12.070134
295,1769515247.719767332,92.201820,6.038276,-1.703965,93.513397,-6.584471,-0.367600,12.760872,12.136184
296,1769515247.919793606,92.824280,6.321042,-1.741950,93.841202,-6.501652,-0.374300,12.935458,12.185264
297,1769515248.019793510,93.439796,6.623717,-1.789725,93.930941,-6.479582,-0.375800,13.188512,12.243041
298,1769515248.119766712,93.621246,6.483448,-1.779489,94.703639,-6.278798,-0.365200,12.885912,12.289680
299,1769515248.419793367,93.706352,6.687340,-1.793151,95.147747,-6.162274,-0.371900,13.008080,12.380854
300,1769515248.619793653,94.124374,6.862306,-1.816312,95.500346,-6.069259,-0.375700,13.084114,12.451394
301,1769515248.719792843,94.332863,6.958740,-1.825987,95.957880,-5.946253,-0.379800,13.087054,12.497688
302,1769515248.819792986,94.549683,7.039685,-1.841444,96.215895,-5.866079,-0.372800,13.095493,12.542403
303,1769515249.019792080,94.964539,7.218800,-1.866134,96.490143,-5.787257,-0.364500,13.181043,12.611189
304,1769515249.119792223,95.164268,7.309164,-1.880168,96.831089,-5.692615,-0.357900,13.196281,12.634193
305,1769515249.319792747,95.586571,7.461163,-1.903753,97.000943,-5.653166,-0.358800,13.280548,12.681689
306,1769515249.419792414,95.786301,7.558928,-1.909317,97.463431,-5.561646,-0.351900,13.318701,12.705852
307,1769515249.519819260,95.983276,7.635379,-1.924815,97.734631,-5.519706,-0.343400,13.365043,12.756559
308,1769515249.719819546,96.391617,7.772309,-1.944650,98.131100,-5.480661,-0.335800,13.463113,12.806687
309,1769515249.819791079,96.591431,7.828542,-1.955983,98.382524,-5.462989,-0.330400,13.509823,12.832463
310,1769515250.019817829,96.792053,7.877661,-1.966534,98.382524,-5.462989,-0.330400,13.534382,12.857305
311,1769515250.119817495,97.188385,7.996654,-1.982820,98.951942,-5.441950,-0.327700,13.654510,12.884673
312,1769515250.219819784,97.393417,8.032851,-1.993822,99.186784,-5.446371,-0.323200,13.700239,12.911786
313,1769515250.419818640,97.783714,8.097630,-2.009505,99.582809,-5.478044,-0.332300,13.796690,12.990826
314,1769515250.519818068,97.991127,8.123838,-2.023067,99.883414,-5.513744,-0.350000,13.869519,13.020096
315,1769515250.719817877,98.378159,8.157261,-2.041536,100.288238,-5.583622,-0.355100,13.975132,13.074198
316,1769515250.819817781,98.604828,8.161757,-2.049073,100.633881,-5.667527,-0.352200,14.079970,13.106796
317,1769515250.919817448,98.818367,8.158415,-2.058968,100.818842,-5.732486,-0.357600,14.136962,13.163033
318,1769515251.219817877,99.491402,8.106965,-2.088238,101.425732,-5.967348,-0.358700,14.311507,13.223597
319,1769515251.419817686,99.990982,8.022159,-2.102710,101.875615,-6.168081,-0.358000,14.420775,13.285602
320,1769515251.519817114,100.214897,7.974142,-2.113158,102.281240,-6.378759,-0.355300,14.607039,13.352914
321,1769515251.619817019,100.458565,7.903064,-2.119960,102.559923,-6.549122,-0.368200,14.708842,13.396020
322,1769515251.819817305,100.937538,7.764171,-2.135250,102.882862,-6.736985,-0.378100,14.736193,13.465018
323,1769515251.919843912,101.163818,7.702227,-2.140777,102.983973,-6.798013,-0.376300,14.720167,13.531307
324,1769515252.119843006,101.625969,7.541148,-2.151386,103.514096,-7.150566,-0.381100,14.917955,13.603585
325,1769515252.219871521,101.859009,7.450146,-2.158247,103.707095,-7.289600,-0.376900,14.961575,13.676163
326,1769515252.319844246,102.073265,7.365056,-2.167831,104.052392,-7.560187,-0.380700,15.161584,13.753939
327,1769515252.519843340,102.502647,7.169107,-2.173783,104.238599,-7.714032,-0.381600,15.090835,13.829180
328,1769515252.619842768,102.704102,7.060935,-2.180933,104.601351,-8.041411,-0.386100,15.326507,13.875525
329,1769515252.919870138,103.298065,6.734791,-2.184319,104.853782,-8.292372,-0.392000,15.213425,13.977589
330,1769515253.019842386,103.483757,6.620428,-2.193403,105.268083,-8.744019,-0.401400,15.571170,14.051673
331,1769515253.219870567,103.852226,6.373350,-2.194149,105.547714,-9.109676,-0.409700,15.677469,14.137389
332,1769515253.319842815,104.019958,6.249977,-2.195521,105.718348,-9.376682,-0.412600,15.819475,14.189708
333,1769515253.519842386,104.350128,5.986870,-2.197995,105.887067,-9.667057,-0.420000,15.829368,14.273777
334,1769515253.619869232,104.503677,5.855454,-2.208924,106.049737,-9.966995,-0.425600,15.997514,14.360803
335,1769515253.719868898,104.659645,5.720197,-2.213806,106.178009,-10.193577,-0.424600,16.085860,14.450112
336,1769515253.919841766,104.945305,5.432669,-2.209522,106.346720,-10.503965,-0.427100,16.097121,14.539015
337,1769515254.019868135,105.078682,5.290790,-2.203290,106.512991,-10.784598,-0.431200,16.236245,14.629640
338,1769515254.219842196,105.334236,4.989357,-2.207555,106.667172,-11.074731,-0.437200,16.216221,14.718656
339,1769515254.319869518,105.449783,4.837156,-2.206631,106.715318,-11.168796,-0.438600,16.152957,14.802886
340,1769515254.419842243,105.572090,4.680547,-2.207825,106.916067,-11.575887,-0.444300,16.406948,14.893806
341,1769515254.619869232,105.797646,4.379430,-2.208867,107.015569,-11.799225,-0.439300,16.320649,14.980187
342,1769515254.719896078,105.918480,4.227581,-2.208702,107.015569,-11.799225,-0.439300,16.161464,15.058457
343,1769515255.019868135,106.257561,3.788205,-2.208731,107.275497,-12.421788,-0.443800,16.337535,15.186679
344,1769515255.119894981,106.363739,3.644363,-2.207186,107.442349,-12.799693,-0.433400,16.574579,15.274492
345,1769515255.419867039,106.673782,3.202466,-2.206740,107.567534,-13.109315,-0.440200,16.431483,15.402092
346,1769515255.519867897,106.770020,3.058581,-2.203555,107.703793,-13.441265,-0.451300,16.618883,15.486895
347,1769515255.919893265,107.132477,2.471600,-2.199419,107.828784,-13.709644,-0.462000,16.289141,15.649215
348,1769515256.019811392,107.223953,2.324463,-2.207523,108.039499,-14.186021,-0.468500,16.621835,15.681531
349,1769515256.319783926,107.445068,2.012735,-2.171801,108.099354,-14.346635,-0.484100,16.459204,15.749357
350,1769515256.419783831,107.573059,1.770078,-2.194659,108.294142,-14.795394,-0.490700,16.668482,15.778890
351,1769515256.719782591,107.800079,1.421225,-2.201285,108.344781,-14.918097,-0.491200,16.437595,15.916101
352,1769515256.819782734,107.913307,1.237034,-2.194275,108.492256,-15.251430,-0.493500,16.586057,15.938152
353,1769515257.119810104,108.161049,0.850709,-2.187878,108.586189,-15.467609,-0.483100,16.412633,16.031532
354,1769515257.219782591,108.276230,0.655545,-2.181693,108.590918,-15.479295,-0.483200,16.227044,16.073863
355,1769515257.319782734,108.385872,0.508052,-2.177719,108.717132,-15.791742,-0.505700,16.388674,16.120187
356,1769515257.519809246,108.488312,0.331553,-2.184493,108.758039,-15.911968,-0.509400,16.331891,16.158248
357,1769515257.619782448,108.565697,0.204313,-2.182713,108.763904,-15.913858,-0.510100,16.205936,16.194205
358,1769515257.719781399,108.647484,0.078727,-2.181648,108.822333,-16.061107,-0.503100,16.227826,16.223449
359,1769515258.019780874,108.886826,-0.301836,-2.179248,108.843928,-16.118364,-0.493800,15.906135,16.245580
360,1769515258.119807959,108.968712,-0.417634,-2.179922,108.859162,-16.173842,-0.494300,15.846496,16.254452
361,1769515258.419808149,109.191124,-0.772130,-2.174857,108.847439,-16.176510,-0.494000,15.499623,16.263366
362,1769515258.519808054,109.255753,-0.873316,-2.176865,108.864134,-16.170004,-0.497000,15.393634,16.235126
363,1769515258.619807482,109.314667,-0.967128,-2.174839,108.859140,-16.169588,-0.496200,15.301637,16.218252
364,1769515258.819807053,109.412575,-1.120866,-2.172736,108.877650,-16.169167,-0.496200,15.150851,16.194745
365,1769515258.919806719,109.451561,-1.186129,-2.171699,108.880688,-16.168371,-0.495800,15.086488,16.159028
366,1769515259.019806147,109.486000,-1.243442,-2.170702,108.880475,-16.168137,-0.495900,15.030573,16.124750
367,1769515259.219807625,109.544197,-1.325841,-2.171179,108.882849,-16.169055,-0.499000,14.951741,16.083289
368,1769515259.619833231,109.582542,-1.389358,-2.171843,108.882809,-16.168964,-0.499100,14.890414,16.023218
369,1769515259.719805956,109.582542,-1.384131,-2.171690,108.882879,-16.169370,-0.499600,14.895929,15.973576
370,1769515259.819833040,109.585052,-1.389014,-2.170679,108.883559,-16.169179,-0.500200,14.890798,15.929405
371,1769515260.019832373,109.585701,-1.389785,-2.172041,108.884493,-16.169312,-0.501000,14.890215,15.894702
372,1769515260.119832277,109.584190,-1.391579,-2.170924,108.885023,-16.168532,-0.501500,14.887382,15.845508
373,1769515260.219833136,109.584732,-1.392191,-2.171360,108.885023,-16.168532,-0.501500,14.886849,15.787627
374,1769515260.419832230,109.582108,-1.387253,-2.170983,108.885176,-16.168136,-0.501600,14.891174,15.758566
375,1769515260.819831848,109.583633,-1.391042,-2.170292,108.885014,-16.167770,-0.501700,14.887040,15.674948
376,1769515260.919830799,109.583084,-1.391147,-2.171315,108.885014,-16.167770,-0.501800,14.887013,15.649322
377,1769515261.019830704,109.584732,-1.390921,-2.171560,108.884295,-16.166885,-0.500200,14.886678,15.566354
378,1769515261.219830513,109.584244,-1.390187,-2.171302,108.884255,-16.166794,-0.499300,14.887367,15.544199
379,1769515261.319858551,109.582977,-1.389268,-2.170536,108.884255,-16.166794,-0.499300,14.888133,15.491304
380,1769515261.419857264,109.582932,-1.393737,-2.170739,108.884255,-16.166794,-0.499300,14.883718,15.430599
381,1769515261.619856596,109.582680,-1.388816,-2.170988,108.884255,-16.166794,-0.499300,14.888619,15.413414
382,1769515261.719856739,109.583878,-1.392822,-2.170759,108.884255,-16.166794,-0.499300,14.884673,15.362430
383,1769515261.819856644,109.584732,-1.390582,-2.171463,108.884255,-16.166794,-0.499300,14.887015,15.306185
384,1769515262.019856215,109.583572,-1.392887,-2.171057,108.884255,-16.166794,-0.499300,14.884628,15.293187
